[
    {
        "flutter_version": "Flutter 1.7"
    },
    {
        "navBar": [
            "Docs",
            "Showcase",
            "Community"
        ]
    },
    {
        "description": "Flutter is Google’s portable UI toolkit for building beautiful, natively-compiled applications for mobile, web, and desktop from a single codebase."
    },
    {
        "advantages": [
            {
                "img": "/assets/flutter-lockup-4cb0ee072ab312e59784d9fbf4fb7ad42688a7fdaea1270ccf6bbf4f34b7e03f.svg",
                "title": "Fast Development",
                "description": "Paint your app to life in milliseconds with Stateful Hot Reload. Use a rich set of fully-customizable widgets to build native interfaces in minutes."
            },
            {
                "img": "/assets/flutter-lockup-4cb0ee072ab312e59784d9fbf4fb7ad42688a7fdaea1270ccf6bbf4f34b7e03f.svg",
                "title": "Expressive and Flexible UI",
                "description": "Quickly ship features with a focus on native end-user experiences. Layered architecture allows for full customization, which results in incredibly fast rendering and expressive and flexible designs."
            },
            {
                "img": "/assets/flutter-lockup-4cb0ee072ab312e59784d9fbf4fb7ad42688a7fdaea1270ccf6bbf4f34b7e03f.svg",
                "title": "Native Performance",
                "description": "Flutter’s widgets incorporate all critical platform differences such as scrolling, navigation, icons and fonts to provide full native performance on both iOS and Android."
            },
            {
                "title": "Fast development",
                "description": "Flutter's hot reload helps you quickly and easily experiment, build UIs, add features, and fix bugs faster. Experience sub-second reload times, without losing state, on emulators, simulators, and hardware for iOS and Android."
            },
            {
                "title": "Expressive, beautiful UIs",
                "description": "Delight your users with Flutter's built-in beautiful Material Design and Cupertino (iOS-flavor) widgets, rich motion APIs, smooth natural scrolling, and platform awareness."
            },
            {
                "title": "Native Performance",
                "description": "Flutter’s widgets incorporate all critical platform differences such as scrolling, navigation, icons and fonts to provide full native performance on both iOS and Android. Examples of apps built with Flutter Demo design inspired by Aurélien Salomon's Google Newsstand Navigation Pattern"
            },
            {
                "title": "Learn from developers",
                "description": "Watch these videos to learn from Google and developers as you build with Flutter."
            },
            {
                "title": "Who's using Flutter?",
                "description": "Organizations around the world are building apps with Flutter."
            }
        ]
    }
]